{"accuracy": 0.7375, "precision": 0.748730964467005, "recall": 0.7266009852216748, "f1_score": 0.7375}